X_test,y_test
1.2210870624821306,18.590537532556915
6.137941248639776,1061.4266345545004
1.3941900637269917,-13.299174681882796
2.411890527948912,-46.92226657237079
3.7267885375062284,270.34330113035236
0.5625377896897533,7.579271426591479
6.226477634652666,1021.7927916408387
2.4305937526105215,94.78051035006084
