X_train,y_train
4.163616765240889,239.53280003187123
6.401731892024258,1236.799530549483
3.276396583900992,165.23958345107263
4.331732760925538,273.92686280908083
2.9867060636946894,97.41440628608055
5.931479821399039,887.5512169521193
3.27619545779023,123.76721804613138
3.87538823982273,336.0504586582724
2.9202207766161172,115.14925824158878
1.4351711308027053,8.997187482422886
2.1160594680366533,68.1348405849038
5.2834470906478845,739.5875814136764
